Nom,Pr√©nom,Immatriculation,Nombre de jours,Nombre d'heures
Richard,Katherine,IM-7311-Y,28,107
Fisher,Jonathan,IM-1663-I,30,130
Dixon,Richard,IM-8961-M,29,200
Bowers,Kevin,IM-5969-P,11,149
Woods,Brandy,IM-4578-Q,4,72
Odonnell,William,IM-3289-Y,3,158
Campbell,Katelyn,IM-5104-R,22,207
Montgomery,John,IM-3407-J,3,186
Browning,Tonya,IM-2208-V,10,120
Patrick,Rachel,IM-2649-L,13,80
Collins,Jessica,IM-4350-R,15,113
Nolan,Gabriella,IM-9541-I,1,206
Kennedy,Craig,IM-9989-A,2,184
Hamilton,Cheryl,IM-7534-W,26,200
Durham,Tammy,IM-1018-T,15,211
Woods,Michelle,IM-6458-H,23,83
Green,Linda,IM-2031-G,29,145
Dunn,Alexis,IM-4632-H,25,36
Cortez,Raymond,IM-9896-O,2,20
Summers,Elizabeth,IM-6243-Q,29,125
Smith,Tristan,IM-2786-J,17,74
Dillon,John,IM-3044-R,10,208
Nguyen,Monica,IM-9852-G,30,204
Lee,Ashley,IM-9965-S,9,113
Allen,Tammy,IM-2501-T,25,98
Pratt,Seth,IM-6194-S,7,74
Miller,Luke,IM-4012-G,26,47
Romero,Sarah,IM-1540-T,21,66
Rodriguez,Andrea,IM-8807-C,2,173
Mann,Amy,IM-3133-E,29,9
Olsen,Amber,IM-2314-W,29,212
Maynard,Carrie,IM-9857-V,12,214
Matthews,Sean,IM-9594-I,16,207
Carlson,Paul,IM-4858-G,28,173
Johnston,Kelly,IM-7871-S,8,115
Lopez,Jacob,IM-9071-V,20,179
Salazar,Diane,IM-6855-C,10,156
Alvarez,Christopher,IM-2889-P,18,161
Todd,Nancy,IM-6493-G,7,4
Mclean,Megan,IM-5440-D,22,56
Villanueva,Sandra,IM-7095-Z,5,85
Fernandez,Peter,IM-7981-B,3,200
Thornton,Joshua,IM-3397-W,7,11
Cain,Melissa,IM-9752-T,21,18
Jacobson,Brittany,IM-1437-D,20,48
Herring,Bethany,IM-2961-M,2,94
Hayes,Donna,IM-2901-B,19,5
Davies,Sabrina,IM-4188-F,22,31
Leon,Christopher,IM-8851-G,23,204
Salazar,Tom,IM-2000-V,0,139
Mccoy,Megan,IM-7973-T,3,213
Sanchez,Jessica,IM-5258-C,7,18
Wilson,Jeffrey,IM-5932-L,13,46
Norton,Marvin,IM-2000-Q,14,10
Cabrera,Craig,IM-2653-W,12,51
Thomas,Heidi,IM-5262-L,28,187
Williams,Audrey,IM-8704-S,5,178
Kent,Amanda,IM-4332-Y,1,201
Becker,Anthony,IM-3592-F,10,135
Reid,Catherine,IM-5107-D,19,235
Johnston,Peter,IM-8246-V,5,3
Wood,Tina,IM-8727-V,13,230
Johnson,Andrew,IM-9332-J,20,91
Woodward,Jackson,IM-7367-V,8,39
Martinez,Jason,IM-1203-O,23,20
Owen,Sharon,IM-6503-X,1,139
Johnson,Ronald,IM-5601-E,7,195
Garcia,Jordan,IM-8894-L,19,73
Walker,Deborah,IM-6885-S,30,228
Bell,Henry,IM-3168-W,9,99
Gordon,Benjamin,IM-7789-U,2,0
Garcia,Vanessa,IM-4150-W,10,40
Gonzalez,Michael,IM-4922-H,20,114
Dennis,Mary,IM-7203-W,28,172
Sellers,Gary,IM-7789-B,12,223
Chambers,Tammy,IM-7852-Y,21,181
Brown,Erica,IM-1766-F,14,16
Bruce,Matthew,IM-5247-W,5,114
King,Candice,IM-9643-P,29,143
Ramos,Gregory,IM-1001-B,15,83
Ruiz,Robert,IM-6112-O,1,207
Carroll,William,IM-7801-G,17,162
Collins,Michael,IM-2367-X,4,3
Monroe,John,IM-7583-V,13,80
Castro,Alexander,IM-1055-G,0,183
Harmon,Matthew,IM-1038-V,16,156
Williams,Juan,IM-2602-G,3,155
Allen,Stephanie,IM-4252-J,8,176
Bell,Keith,IM-3985-D,15,218
Howard,Stacey,IM-7499-U,2,5
Schultz,Christine,IM-5500-O,25,202
Baldwin,Paul,IM-2896-I,4,167
Perry,Debra,IM-9533-U,20,88
Smith,James,IM-2885-E,8,217
Cook,John,IM-1304-B,1,52
Walsh,Nicholas,IM-5254-R,10,93
Hutchinson,Ashley,IM-1688-X,30,179
Perry,Richard,IM-9101-W,20,231
Miles,Robert,IM-8514-U,13,95
Bates,Brandon,IM-9813-F,6,96
