Nom;Pr√©nom;Immatriculation;Nombre de jours;Nombre d'heures;Salaire
Richard;Katherine;IM-7311-Y;28.5;107;85500.0
Fisher;Jonathan;IM-1663-I;30.0;130;90000.0
Dixon;Richard;IM-8961-M;29.7;200;89100.0
Bowers;Kevin;IM-5969-P;29.0;149;87000.0
Woods;Brandy;IM-4578-Q;29.0;72;87000.0
Odonnell;William;IM-3289-Y;29.0;158;87000.0
Campbell;Katelyn;IM-5104-R;29.0;207;87000.0
Montgomery;John;IM-3407-J;29.0;186;87000.0
Browning;Tonya;IM-2208-V;29.0;120;87000.0
Patrick;Rachel;IM-2649-L;29.0;80;87000.0
Collins;Jessica;IM-4350-R;29.0;113;87000.0
Nolan;Gabriella;IM-9541-I;29.0;206;87000.0
Kennedy;Craig;IM-9989-A;29.0;184;87000.0
Hamilton;Cheryl;IM-7534-W;29.0;200;87000.0
Durham;Tammy;IM-1018-T;29.0;211;87000.0
Woods;Michelle;IM-6458-H;29.0;83;87000.0
Green;Linda;IM-2031-G;29.0;145;87000.0
Dunn;Alexis;IM-4632-H;29.0;36;87000.0
Cortez;Raymond;IM-9896-O;29.0;20;87000.0
Summers;Elizabeth;IM-6243-Q;29.0;125;87000.0
Smith;Tristan;IM-2786-J;29.0;74;87000.0
Dillon;John;IM-3044-R;29.0;208;87000.0
Nguyen;Monica;IM-9852-G;29.0;204;87000.0
Lee;Ashley;IM-9965-S;29.0;113;87000.0
Allen;Tammy;IM-2501-T;29.0;98;87000.0
Pratt;Seth;IM-6194-S;29.0;74;87000.0
Miller;Luke;IM-4012-G;29.0;47;87000.0
Romero;Sarah;IM-1540-T;29.0;66;87000.0
Rodriguez;Andrea;IM-8807-C;29.0;173;87000.0
Mann;Amy;IM-3133-E;29.0;9;87000.0
Olsen;Amber;IM-2314-W;29.0;212;87000.0
Maynard;Carrie;IM-9857-V;29.0;214;87000.0
Matthews;Sean;IM-9594-I;29.0;207;87000.0
Carlson;Paul;IM-4858-G;29.0;173;87000.0
Johnston;Kelly;IM-7871-S;29.0;115;87000.0
Lopez;Jacob;IM-9071-V;29.0;179;87000.0
Salazar;Diane;IM-6855-C;29.0;156;87000.0
Alvarez;Christopher;IM-2889-P;29.0;161;87000.0
Todd;Nancy;IM-6493-G;29.0;4;87000.0
Mclean;Megan;IM-5440-D;29.0;56;87000.0
Villanueva;Sandra;IM-7095-Z;29.0;85;87000.0
Fernandez;Peter;IM-7981-B;29.0;200;87000.0
Thornton;Joshua;IM-3397-W;29.0;11;87000.0
Cain;Melissa;IM-9752-T;29.0;18;87000.0
Jacobson;Brittany;IM-1437-D;29.0;48;87000.0
Herring;Bethany;IM-2961-M;29.0;94;87000.0
Hayes;Donna;IM-2901-B;29.0;5;87000.0
Davies;Sabrina;IM-4188-F;29.0;31;87000.0
Leon;Christopher;IM-8851-G;29.0;204;87000.0
Salazar;Tom;IM-2000-V;29.0;139;87000.0
Mccoy;Megan;IM-7973-T;29.0;213;87000.0
Sanchez;Jessica;IM-5258-C;29.0;18;87000.0
Wilson;Jeffrey;IM-5932-L;29.0;46;87000.0
Norton;Marvin;IM-2000-Q;29.0;10;87000.0
Cabrera;Craig;IM-2653-W;29.0;51;87000.0
Thomas;Heidi;IM-5262-L;29.0;187;87000.0
Williams;Audrey;IM-8704-S;29.0;178;87000.0
Kent;Amanda;IM-4332-Y;29.0;201;87000.0
Becker;Anthony;IM-3592-F;29.0;135;87000.0
Reid;Catherine;IM-5107-D;29.0;235;87000.0
Johnston;Peter;IM-8246-V;29.0;3;87000.0
Wood;Tina;IM-8727-V;29.0;230;87000.0
Johnson;Andrew;IM-9332-J;29.0;91;87000.0
Woodward;Jackson;IM-7367-V;29.0;39;87000.0
Martinez;Jason;IM-1203-O;29.0;20;87000.0
Owen;Sharon;IM-6503-X;29.0;139;87000.0
Johnson;Ronald;IM-5601-E;29.0;195;87000.0
Garcia;Jordan;IM-8894-L;29.0;73;87000.0
Walker;Deborah;IM-6885-S;29.0;228;87000.0
Bell;Henry;IM-3168-W;29.0;99;87000.0
Gordon;Benjamin;IM-7789-U;29.0;0;87000.0
Garcia;Vanessa;IM-4150-W;29.0;40;87000.0
Gonzalez;Michael;IM-4922-H;29.0;114;87000.0
Dennis;Mary;IM-7203-W;29.0;172;87000.0
Sellers;Gary;IM-7789-B;29.0;223;87000.0
Chambers;Tammy;IM-7852-Y;29.0;181;87000.0
Brown;Erica;IM-1766-F;29.0;16;87000.0
Bruce;Matthew;IM-5247-W;29.0;114;87000.0
King;Candice;IM-9643-P;29.0;143;87000.0
Ramos;Gregory;IM-1001-B;29.0;83;87000.0
Ruiz;Robert;IM-6112-O;29.0;207;87000.0
Carroll;William;IM-7801-G;29.0;162;87000.0
Collins;Michael;IM-2367-X;29.0;3;87000.0
Monroe;John;IM-7583-V;29.0;80;87000.0
Castro;Alexander;IM-1055-G;29.0;183;87000.0
Harmon;Matthew;IM-1038-V;29.0;156;87000.0
Williams;Juan;IM-2602-G;29.0;155;87000.0
Allen;Stephanie;IM-4252-J;29.0;176;87000.0
Bell;Keith;IM-3985-D;29.0;218;87000.0
Howard;Stacey;IM-7499-U;29.0;5;87000.0
Schultz;Christine;IM-5500-O;29.0;202;87000.0
Baldwin;Paul;IM-2896-I;29.0;167;87000.0
Perry;Debra;IM-9533-U;29.0;88;87000.0
Smith;James;IM-2885-E;29.0;217;87000.0
Cook;John;IM-1304-B;29.0;52;87000.0
Walsh;Nicholas;IM-5254-R;29.0;93;87000.0
Hutchinson;Ashley;IM-1688-X;29.0;179;87000.0
Perry;Richard;IM-9101-W;29.0;231;87000.0
Miles;Robert;IM-8514-U;29.0;95;87000.0
Bates;Brandon;IM-9813-F;29.0;96;87000.0
