Salaire;Nom;Pr√©nom
85500.0;Richard;Katherine
87000.0;Bowers;Kevin
87000.0;Odonnell;William
87000.0;Woods;Brandy
87000.0;Campbell;Katelyn
87000.0;Montgomery;John
87000.0;Patrick;Rachel
87000.0;Browning;Tonya
87000.0;Kennedy;Craig
87000.0;Hamilton;Cheryl
87000.0;Collins;Jessica
87000.0;Nolan;Gabriella
87000.0;Durham;Tammy
87000.0;Woods;Michelle
87000.0;Dunn;Alexis
87000.0;Green;Linda
87000.0;Allen;Tammy
87000.0;Pratt;Seth
87000.0;Cortez;Raymond
87000.0;Summers;Elizabeth
87000.0;Smith;Tristan
87000.0;Dillon;John
87000.0;Nguyen;Monica
87000.0;Lee;Ashley
87000.0;Rodriguez;Andrea
87000.0;Mann;Amy
87000.0;Miller;Luke
87000.0;Romero;Sarah
87000.0;Olsen;Amber
87000.0;Maynard;Carrie
87000.0;Carlson;Paul
87000.0;Matthews;Sean
87000.0;Leon;Christopher
87000.0;Salazar;Tom
87000.0;Johnston;Kelly
87000.0;Lopez;Jacob
87000.0;Salazar;Diane
87000.0;Alvarez;Christopher
87000.0;Todd;Nancy
87000.0;Mclean;Megan
87000.0;Villanueva;Sandra
87000.0;Fernandez;Peter
87000.0;Thornton;Joshua
87000.0;Cain;Melissa
87000.0;Jacobson;Brittany
87000.0;Herring;Bethany
87000.0;Hayes;Donna
87000.0;Davies;Sabrina
87000.0;Williams;Audrey
87000.0;Kent;Amanda
87000.0;Mccoy;Megan
87000.0;Sanchez;Jessica
87000.0;Wilson;Jeffrey
87000.0;Norton;Marvin
87000.0;Cabrera;Craig
87000.0;Thomas;Heidi
87000.0;Johnston;Peter
87000.0;Wood;Tina
87000.0;Becker;Anthony
87000.0;Reid;Catherine
87000.0;Johnson;Andrew
87000.0;Woodward;Jackson
87000.0;Owen;Sharon
87000.0;Martinez;Jason
87000.0;Hutchinson;Ashley
87000.0;Perry;Richard
87000.0;Johnson;Ronald
87000.0;Garcia;Jordan
87000.0;Walker;Deborah
87000.0;Bell;Henry
87000.0;Gordon;Benjamin
87000.0;Garcia;Vanessa
87000.0;Gonzalez;Michael
87000.0;Dennis;Mary
87000.0;Sellers;Gary
87000.0;Chambers;Tammy
87000.0;Brown;Erica
87000.0;Bruce;Matthew
87000.0;King;Candice
87000.0;Ramos;Gregory
87000.0;Ruiz;Robert
87000.0;Carroll;William
87000.0;Collins;Michael
87000.0;Monroe;John
87000.0;Castro;Alexander
87000.0;Harmon;Matthew
87000.0;Williams;Juan
87000.0;Allen;Stephanie
87000.0;Bell;Keith
87000.0;Howard;Stacey
87000.0;Schultz;Christine
87000.0;Baldwin;Paul
87000.0;Perry;Debra
87000.0;Smith;James
87000.0;Cook;John
87000.0;Walsh;Nicholas
87000.0;Miles;Robert
87000.0;Bates;Brandon
89100.0;Dixon;Richard
90000.0;Fisher;Jonathan
