Nom,Pr√©nom,Immatriculation,Nombre de jours
Richard,Katherine,IM-7311-Y,5
Fisher,Jonathan,IM-1663-I,30
Dixon,Richard,IM-8961-M,29
Bowers,Kevin,IM-5969-P,11
Woods,Brandy,IM-4578-Q,4
Odonnell,William,IM-3289-Y,3
Campbell,Katelyn,IM-5104-R,22
Montgomery,John,IM-3407-J,3
Browning,Tonya,IM-2208-V,10
Patrick,Rachel,IM-2649-L,13
Collins,Jessica,IM-4350-R,15
Nolan,Gabriella,IM-9541-I,1
Kennedy,Craig,IM-9989-A,2
Hamilton,Cheryl,IM-7534-W,26
Durham,Tammy,IM-1018-T,15
Woods,Michelle,IM-6458-H,23
Green,Linda,IM-2031-G,29
Dunn,Alexis,IM-4632-H,25
Cortez,Raymond,IM-9896-O,2
Summers,Elizabeth,IM-6243-Q,29
Smith,Tristan,IM-2786-J,17
Dillon,John,IM-3044-R,10
Nguyen,Monica,IM-9852-G,30
Lee,Ashley,IM-9965-S,9
Allen,Tammy,IM-2501-T,25
Pratt,Seth,IM-6194-S,7
Miller,Luke,IM-4012-G,26
Romero,Sarah,IM-1540-T,21
Rodriguez,Andrea,IM-8807-C,2
Mann,Amy,IM-3133-E,29
Olsen,Amber,IM-2314-W,29
Maynard,Carrie,IM-9857-V,12
Matthews,Sean,IM-9594-I,16
Carlson,Paul,IM-4858-G,28
Johnston,Kelly,IM-7871-S,8
Lopez,Jacob,IM-9071-V,20
Salazar,Diane,IM-6855-C,10
Alvarez,Christopher,IM-2889-P,18
Todd,Nancy,IM-6493-G,7
Mclean,Megan,IM-5440-D,22
Villanueva,Sandra,IM-7095-Z,5
Fernandez,Peter,IM-7981-B,3
Thornton,Joshua,IM-3397-W,7
Cain,Melissa,IM-9752-T,21
Jacobson,Brittany,IM-1437-D,20
Herring,Bethany,IM-2961-M,2
Hayes,Donna,IM-2901-B,19
Davies,Sabrina,IM-4188-F,22
Leon,Christopher,IM-8851-G,23
Salazar,Tom,IM-2000-V,0
Mccoy,Megan,IM-7973-T,3
Sanchez,Jessica,IM-5258-C,7
Wilson,Jeffrey,IM-5932-L,13
Norton,Marvin,IM-2000-Q,14
Cabrera,Craig,IM-2653-W,12
Thomas,Heidi,IM-5262-L,28
Williams,Audrey,IM-8704-S,5
Kent,Amanda,IM-4332-Y,1
Becker,Anthony,IM-3592-F,10
Reid,Catherine,IM-5107-D,19
Johnston,Peter,IM-8246-V,5
Wood,Tina,IM-8727-V,13
Johnson,Andrew,IM-9332-J,20
Woodward,Jackson,IM-7367-V,8
Martinez,Jason,IM-1203-O,23
Owen,Sharon,IM-6503-X,1
Johnson,Ronald,IM-5601-E,7
Garcia,Jordan,IM-8894-L,19
Walker,Deborah,IM-6885-S,30
Bell,Henry,IM-3168-W,9
Gordon,Benjamin,IM-7789-U,2
Garcia,Vanessa,IM-4150-W,10
Gonzalez,Michael,IM-4922-H,20
Dennis,Mary,IM-7203-W,28
Sellers,Gary,IM-7789-B,12
Chambers,Tammy,IM-7852-Y,21
Brown,Erica,IM-1766-F,14
Bruce,Matthew,IM-5247-W,5
King,Candice,IM-9643-P,29
Ramos,Gregory,IM-1001-B,15
Ruiz,Robert,IM-6112-O,1
Carroll,William,IM-7801-G,17
Collins,Michael,IM-2367-X,4
Monroe,John,IM-7583-V,13
Castro,Alexander,IM-1055-G,0
Harmon,Matthew,IM-1038-V,16
Williams,Juan,IM-2602-G,3
Allen,Stephanie,IM-4252-J,8
Bell,Keith,IM-3985-D,15
Howard,Stacey,IM-7499-U,2
Schultz,Christine,IM-5500-O,25
Baldwin,Paul,IM-2896-I,4
Perry,Debra,IM-9533-U,20
Smith,James,IM-2885-E,8
Cook,John,IM-1304-B,1
Walsh,Nicholas,IM-5254-R,10
Hutchinson,Ashley,IM-1688-X,30
Perry,Richard,IM-9101-W,20
Miles,Robert,IM-8514-U,13
Bates,Brandon,IM-9813-F,6